INSERT INTO students (name, email, group_name, password_hash) VALUES
('Иванов Иван Иванович', 'ivanov.ii@example.com', 'А-10',
'$2a$08$4OyuSdT2lIHWI6Y2B3q0s.1ge6mWGvNmftylLdaJqWPGBDY1e1cDG'),
('Петрова Анна Сергеевна', 'petrova.as@example.com', 'Б-11',
'$2a$08$4OyuSdT2lIHWI6Y2B3q0s.1ge6mWGvNmftylLdaJqWPGBDY1e1cDG'),
('Сидоров Петр Васильевич', 'sidorov.pv@example.com', 'А-10',
'$2a$08$4OyuSdT2lIHWI6Y2B3q0s.1ge6mWGvNmftylLdaJqWPGBDY1e1cDG'),
('Козлова Мария Ивановна', 'kozlova.mi@example.com', 'А-10',
'$2a$08$4OyuSdT2lIHWI6Y2B3q0s.1ge6mWGvNmftylLdaJqWPGBDY1e1cDG'),
('Николаев Дмитрий Сергеевич', 'nikolaev.ds@example.com', 'Б-11',
'$2a$08$4OyuSdT2lIHWI6Y2B3q0s.1ge6mWGvNmftylLdaJqWPGBDY1e1cDG'),
('Смирнова Ольга Петровна', 'smirnova.op@example.com', 'Б-11',
'$2a$08$4OyuSdT2lIHWI6Y2B3q0s.1ge6mWGvNmftylLdaJqWPGBDY1e1cDG'),
('Волков Алексей Андреевич', 'volkov.aa@example.com', 'А-10',
'$2a$08$4OyuSdT2lIHWI6Y2B3q0s.1ge6mWGvNmftylLdaJqWPGBDY1e1cDG'),
('Зайцева Екатерина Владимировна', 'zaitseva.ev@example.com', 'Б-11',
'$2a$08$4OyuSdT2lIHWI6Y2B3q0s.1ge6mWGvNmftylLdaJqWPGBDY1e1cDG'),
('Белов Игорь Николаевич', 'belov.in@example.com', 'В-12',
'$2a$08$4OyuSdT2lIHWI6Y2B3q0s.1ge6mWGvNmftylLdaJqWPGBDY1e1cDG'),
('Морозова Татьяна Алексеевна', 'morozova.ta@example.com', 'В-12',
'$2a$08$4OyuSdT2lIHWI6Y2B3q0s.1ge6mWGvNmftylLdaJqWPGBDY1e1cDG');

INSERT INTO subjects (name, teacher) VALUES
('Программирование', 'Иванов И.И.'),
('Математика', 'Петрова А.С.'),
('Физика', 'Сидоров В.П.'),
('Английский язык', 'Козлова Е.В.'),
('История', 'Николаев П.Д.'),
('Физкультура', 'Смирнов А.В.'),
('Химия', 'Федоров С.М.'),
('Биология', 'Орлова Т.К.'),
('Информатика', 'Жуков В.А.'),
('Экономика', 'Соловьева И.П.'),
('Философия', 'Тихонов Р.В.'),
('Литература', 'Васнецова Л.Н.'),
('Черчение', 'Романов Г.С.'),
('Статистика', 'Павлова М.И.');

INSERT INTO schedules (group_name, day_of_week, start_time, end_time, subject, room, teacher) VALUES
('А-10', 'Понедельник', '09:00', '10:30', 'Программирование', '301', 'Иванов И.И.'),
('А-10', 'Понедельник', '10:45', '12:15', 'Математика', '215', 'Петрова А.С.'),
('А-10', 'Понедельник', '13:00', '14:30', 'Химия', '305', 'Федоров С.М.'),
('А-10', 'Вторник', '09:00', '10:30', 'Английский язык', '410', 'Козлова Е.В.'),
('А-10', 'Вторник', '10:45', '12:15', 'Физика', '101', 'Сидоров В.П.'),
('А-10', 'Вторник', '13:00', '14:30', 'Информатика', '310', 'Жуков В.А.'),
('А-10', 'Среда', '09:00', '10:30', 'Математика', '210', 'Петрова А.С.'),
('А-10', 'Среда', '10:45', '12:15', 'Физика', '105', 'Сидоров В.П.'),
('А-10', 'Четверг', '09:00', '10:30', 'Экономика', '415', 'Соловьева И.П.'),
('А-10', 'Четверг', '10:45', '12:15', 'Программирование', '301', 'Иванов И.И.'),
('А-10', 'Пятница', '09:00', '10:30', 'История', '205', 'Николаев П.Д.'),
('А-10', 'Пятница', '10:45', '12:15', 'Химия', '305', 'Федоров С.М.'),
('А-10', 'Пятница', '13:00', '14:30', 'Физкультура', '102', 'Смирнов А.В.'),
('Б-11', 'Понедельник', '09:00', '10:30', 'Математика', '215', 'Петрова А.С.'),
('Б-11', 'Понедельник', '10:45', '12:15', 'Физика', '101', 'Сидоров В.П.'),
('Б-11', 'Понедельник', '13:00', '14:30', 'Статистика', '320', 'Павлова М.И.'),
('Б-11', 'Вторник', '09:00', '10:30', 'Английский язык', '410', 'Козлова Е.В.'),
('Б-11', 'Вторник', '10:45', '12:15', 'Химия', '305', 'Федоров С.М.'),
('Б-11', 'Вторник', '13:00', '14:30', 'Философия', '420', 'Тихонов Р.В.'),
('Б-11', 'Среда', '09:00', '12:15', 'Математика', '220', 'Петрова А.С.'),
('Б-11', 'Среда', '13:00', '14:30', 'Английский язык', '410', 'Козлова Е.В.'),
('Б-11', 'Среда', '15:00', '16:30', 'Экономика', '415', 'Соловьева И.П.'),
('Б-11', 'Четверг', '09:00', '10:30', 'Информатика', '310', 'Жуков В.А.'),
('Б-11', 'Четверг', '10:45', '12:15', 'Физкультура', '102', 'Смирнов А.В.'),
('Б-11', 'Пятница', '09:00', '10:30', 'История', '205', 'Николаев П.Д.'),
('Б-11', 'Пятница', '10:45', '12:15', 'Литература', '210', 'Васнецова Л.Н.'),
('Б-11', 'Пятница', '15:00', '16:30', 'Статистика', '320', 'Павлова М.И.'),
('В-12', 'Понедельник', '09:00', '10:30', 'Программирование', '301', 'Иванов И.И.'),
('В-12', 'Понедельник', '10:45', '12:15', 'Математика', '215', 'Петрова А.С.'),
('В-12', 'Понедельник', '13:00', '14:30', 'Биология', '315', 'Орлова Т.К.'),
('В-12', 'Вторник', '09:00', '10:30', 'Физика', '101', 'Сидоров В.П.'),
('В-12', 'Вторник', '10:45', '12:15', 'Черчение', '325', 'Романов Г.С.'),
('В-12', 'Вторник', '13:00', '14:30', 'Химия', '305', 'Федоров С.М.'),
('В-12', 'Среда', '09:00', '10:30', 'Информатика', '310', 'Жуков В.А.'),
('В-12', 'Среда', '10:45', '12:15', 'Английский язык', '410', 'Козлова Е.В.'),
('В-12', 'Среда', '13:00', '14:30', 'Статистика', '320', 'Павлова М.И.'),
('В-12', 'Четверг', '09:00', '10:30', 'Физкультура', '102', 'Смирнов А.В.'),
('В-12', 'Четверг', '10:45', '12:15', 'Экономика', '415', 'Соловьева И.П.'),
('В-12', 'Пятница', '09:00', '10:30', 'История', '205', 'Николаев П.Д.'),
('В-12', 'Пятница', '10:45', '12:15', 'Философия', '420', 'Тихонов Р.В.'),
('В-12', 'Пятница', '13:00', '14:30', 'Литература', '210', 'Васнецова Л.Н.');

INSERT INTO profiles (student_id, subject_id) VALUES
(1, 1), (1, 3), (1, 4), (1, 5), (1, 6), (1, 9),
(2, 2), (2, 3), (2, 4), (2, 6), (2, 10), (2, 14),
(3, 1), (3, 2), (3, 4), (3, 7), (3, 9), (3, 11),
(4, 1), (4, 3), (4, 4), (4, 6), (4, 8), (4, 10),
(5, 2), (5, 3), (5, 5), (5, 8), (5, 11), (5, 13),
(6, 2), (6, 4), (6, 6), (6, 9), (6, 12), (6, 14),
(7, 1), (7, 3), (7, 5), (7, 7), (7, 10), (7, 12),
(8, 2), (8, 4), (8, 6), (8, 8), (8, 11), (8, 13),
(9, 1), (9, 5), (9, 7), (9, 9), (9, 12), (9, 14),
(10, 3), (10, 4), (10, 8), (10, 10), (10, 11), (10, 13);